<?xml version="1.0" encoding="UTF-8"?>
<project-private xmlns="http://www.netbeans.org/ns/project-private/1">
    <editor-bookmarks xmlns="http://www.netbeans.org/ns/editor-bookmarks/2" lastBookmarkId="0"/>
    <open-files xmlns="http://www.netbeans.org/ns/projectui-open-files/2">
        <group>
            <file>file:/Users/ricardosandoval/NetBeansProjects/AerUPIICSA/src/aerupiicsa/AgregarController.java</file>
            <file>file:/Users/ricardosandoval/NetBeansProjects/AerUPIICSA/src/aerupiicsa/AerUPIICSA.java</file>
            <file>file:/Users/ricardosandoval/NetBeansProjects/AerUPIICSA/src/aerupiicsa/Clientes.java</file>
            <file>file:/Users/ricardosandoval/NetBeansProjects/AerUPIICSA/src/aerupiicsa/ReservarController.java</file>
            <file>file:/Users/ricardosandoval/NetBeansProjects/AerUPIICSA/src/aerupiicsa/EditarController.java</file>
            <file>file:/Users/ricardosandoval/NetBeansProjects/AerUPIICSA/src/aerupiicsa/css/EstiloLogin.css</file>
            <file>file:/Users/ricardosandoval/NetBeansProjects/AerUPIICSA/src/aerupiicsa/ConsultarController.java</file>
            <file>file:/Users/ricardosandoval/NetBeansProjects/AerUPIICSA/src/aerupiicsa/AdministrarConsultaController.java</file>
        </group>
    </open-files>
</project-private>
